model,activation,basis,variant,hidden_layers,width,seed,n_params,rel_l2,max_err,best_loss,final_loss
KANN,,spline,spline,2,8,0,720,9.001465514302254e-05,0.00010520219802856445,0.00016658254025969654,0.00016658254025969654
KANN,,spline,spline,2,8,1,720,0.0005260514444671571,0.000667572021484375,0.0053698658011853695,0.0053698658011853695
KANN,,spline,spline,2,16,0,2592,2.316249992873054e-05,3.123283386230469e-05,3.204404856660403e-05,3.204404856660403e-05
KANN,,spline,spline,2,16,1,2592,1.568605330248829e-05,2.250075340270996e-05,1.8104721675626934e-05,0.00027571807731874287
KANN,,spline,spline,2,32,0,9792,1.933751264004968e-05,3.081560134887695e-05,1.5937606804072857e-05,0.012128476984798908
KANN,,spline,spline,2,32,1,9792,7.766478120174725e-06,1.3113021850585938e-05,1.6189560483326204e-05,1.6189560483326204e-05
KANN,,spline,spline,3,8,0,1296,2.9820441341144033e-05,3.737211227416992e-05,3.137115709250793e-05,3.137115709250793e-05
KANN,,spline,spline,3,8,1,1296,6.0162306908750907e-05,9.21785831451416e-05,0.00015247645205818117,0.00015247645205818117
KANN,,spline,spline,3,16,0,4896,1.686982432147488e-05,2.3186206817626953e-05,9.868377674138173e-06,1.2414862794685178e-05
KANN,,spline,spline,3,16,1,4896,1.3349899745662697e-05,2.0265579223632812e-05,5.809480353491381e-05,5.809480353491381e-05
KANN,,spline,spline,3,32,0,19008,3.724815906025469e-05,4.8160552978515625e-05,3.219978680135682e-05,0.10350364446640015
KANN,,spline,spline,3,32,1,19008,1.2374495781841688e-05,1.9848346710205078e-05,2.3303682610276155e-05,2.3303682610276155e-05
KANN,,cheb,cheb,2,8,0,560,1.0012467100750655e-05,1.6748905181884766e-05,0.0001748751092236489,0.0001748751092236489
KANN,,cheb,cheb,2,8,1,560,7.214959623524919e-06,1.0669231414794922e-05,0.0001821733167162165,0.0001821733167162165
KANN,,cheb,cheb,2,16,0,2016,8.301997695525642e-06,1.2695789337158203e-05,0.0002375021722400561,0.0002375021722400561
KANN,,cheb,cheb,2,16,1,2016,9.783423593034968e-06,2.086162567138672e-05,0.0005926753510721028,0.05836251750588417
KANN,,cheb,cheb,2,32,0,7616,3.480520535958931e-05,5.4717063903808594e-05,0.000661793164908886,1.2289245128631592
KANN,,cheb,cheb,2,32,1,7616,0.00012710080773103982,0.00017112493515014648,0.00029396702302619815,0.000337039033183828
KANN,,cheb,cheb,3,8,0,1008,7.652452040929347e-06,1.043081283569336e-05,3.9375750930048525e-05,0.00010419580212328583
KANN,,cheb,cheb,3,8,1,1008,5.649413651553914e-06,9.417533874511719e-06,0.00031468525412492454,0.00031468525412492454
KANN,,cheb,cheb,3,16,0,3808,8.475620234094094e-06,1.6748905181884766e-05,0.00030122563475742936,0.0003784143191296607
KANN,,cheb,cheb,3,16,1,3808,5.250772574072471e-06,7.808208465576172e-06,0.0001342569012194872,0.00017102769925259054
KANN,,cheb,cheb,3,32,0,14784,4.126579005969688e-05,5.6743621826171875e-05,0.0006123671773821115,0.003118454711511731
KANN,,cheb,cheb,3,32,1,14784,2.2714135411661118e-05,3.5762786865234375e-05,0.0009595005540177226,0.008220912888646126
